channel_id,seat_id,node_id,room_no
1,7,1,28
1,25,1,325
1,43,1,946
1,3,1,6
1,44,1,990
1,22,1,253
1,42,1,903
1,26,1,351
1,40,1,820
1,15,1,120
1,30,1,465
1,5,1,15
1,46,1,1081
1,18,1,171
1,33,1,561
1,28,1,406
1,39,1,780
1,8,1,36
1,31,1,496
1,17,1,153
1,13,1,91
1,9,1,45
1,4,1,10
1,29,1,435
1,48,1,1176
1,24,1,300
1,16,1,136
1,11,1,66
1,10,1,55
1,21,1,231
1,49,1,1225
1,50,1,1275
1,1,1,1
1,20,1,210
1,37,1,703
1,47,1,1128
1,32,1,528
1,36,1,666
1,41,1,861
1,35,1,630
1,2,1,3
1,19,1,190
1,23,1,276
1,45,1,1035
1,34,1,595
1,6,1,21
1,12,1,78
1,38,1,741
1,27,1,378
1,14,1,105
